_id,name,password,email,gender,role,__v,createdAt,updatedAt
67c02d6453289925965ce6e2,Admin,$2b$10$mB0q7iujR4uXBZyIdhyKcuzPstlmqMWyKb2RQWYVOTJEH0cUCPGoK,admin@example.com,female,67bff674944192253fd83407,0,2025-02-27T05:21:56.696Z,2025-03-04T10:53:08.229Z
67c02d6453289925965ce6e3,Staff User,$2b$10$mB0q7iujR4uXBZyIdhyKcuzPstlmqMWyKb2RQWYVOTJEH0cUCPGoK,staff@example.com,female,67bff674944192253fd83408,0,2025-02-27T05:21:56.696Z,2025-03-05T05:49:33.131Z
67c02d6453289925965ce6e6,Monkey D. Luffy,$2b$10$mB0q7iujR4uXBZyIdhyKcuzPstlmqMWyKb2RQWYVOTJEH0cUCPGoK,luffy@strawhat.com,male,67bff674944192253fd83407,0,2025-02-27T05:21:56.696Z,2025-03-04T10:54:13.450Z
67c02d6453289925965ce6e7,Roronoa Zoro,$2b$10$mB0q7iujR4uXBZyIdhyKcuzPstlmqMWyKb2RQWYVOTJEH0cUCPGoK,zoro@strawhat.com,male,67bff674944192253fd83407,0,2025-02-27T05:21:56.696Z,2025-02-27T05:21:56.696Z
67c02d6453289925965ce6e8,Blackleg Sanji,$2b$10$mB0q7iujR4uXBZyIdhyKcuzPstlmqMWyKb2RQWYVOTJEH0cUCPGoK,sanji@strawhat.com,male,67bff674944192253fd83407,0,2025-02-27T05:21:56.696Z,2025-02-27T05:21:56.696Z
67c02d6453289925965ce6e9,Nami,$2b$10$mB0q7iujR4uXBZyIdhyKcuzPstlmqMWyKb2RQWYVOTJEH0cUCPGoK,nami@strawhat.com,female,67bff674944192253fd83408,0,2025-02-27T05:21:56.696Z,2025-03-05T05:57:09.379Z
67c02d6453289925965ce6ea,Usopp,$2b$10$mB0q7iujR4uXBZyIdhyKcuzPstlmqMWyKb2RQWYVOTJEH0cUCPGoK,usopp@strawhat.com,male,67bff674944192253fd83408,0,2025-02-27T05:21:56.696Z,2025-02-27T05:21:56.696Z
67c02d6453289925965ce6eb,Tony Tony Chopper,$2b$10$mB0q7iujR4uXBZyIdhyKcuzPstlmqMWyKb2RQWYVOTJEH0cUCPGoK,chopper@strawhat.com,male,67bff674944192253fd83408,0,2025-02-27T05:21:56.696Z,2025-02-27T05:21:56.696Z
67c02d6453289925965ce6ec,Nico Robin,$2b$10$mB0q7iujR4uXBZyIdhyKcuzPstlmqMWyKb2RQWYVOTJEH0cUCPGoK,robin@strawhat.com,female,67bff674944192253fd83408,0,2025-02-27T05:21:56.696Z,2025-02-27T05:21:56.696Z
67c02d6453289925965ce6ed,Franky,$2b$10$mB0q7iujR4uXBZyIdhyKcuzPstlmqMWyKb2RQWYVOTJEH0cUCPGoK,franky@strawhat.com,male,67bff674944192253fd83408,0,2025-02-27T05:21:56.696Z,2025-02-27T05:21:56.696Z
67c02d6453289925965ce6ee,Brook,$2b$10$mB0q7iujR4uXBZyIdhyKcuzPstlmqMWyKb2RQWYVOTJEH0cUCPGoK,brook@strawhat.com,male,67bff674944192253fd83408,0,2025-02-27T05:21:56.696Z,2025-02-27T05:21:56.696Z
67c02d6453289925965ce6ef,Jinbe,$2b$10$mB0q7iujR4uXBZyIdhyKcuzPstlmqMWyKb2RQWYVOTJEH0cUCPGoK,jinbe@strawhat.com,male,67bff674944192253fd83408,0,2025-02-27T05:21:56.696Z,2025-02-27T05:21:56.696Z
67c02d6453289925965ce6f0,Trafalgar Law,$2b$10$mB0q7iujR4uXBZyIdhyKcuzPstlmqMWyKb2RQWYVOTJEH0cUCPGoK,law@heart.com,female,67bff674944192253fd83409,0,2025-02-27T05:21:56.696Z,2025-03-01T17:58:32.036Z
67c02d6453289925965ce6f1,Portgas D. Ace,$2b$10$mB0q7iujR4uXBZyIdhyKcuzPstlmqMWyKb2RQWYVOTJEH0cUCPGoK,ace@whitebeard.com,male,67bff674944192253fd83409,0,2025-02-27T05:21:56.696Z,2025-03-04T10:52:53.444Z
67c02d6453289925965ce6f2,Sabo,$2b$10$mB0q7iujR4uXBZyIdhyKcuzPstlmqMWyKb2RQWYVOTJEH0cUCPGoK,sabo@revolutionary.com,male,67bff674944192253fd83409,0,2025-02-27T05:21:56.696Z,2025-03-02T17:26:00.522Z
67c02d6453289925965ce6f3,Boa Hancock,$2b$10$mB0q7iujR4uXBZyIdhyKcuzPstlmqMWyKb2RQWYVOTJEH0cUCPGoK,hancock@amazon.com,female,67bff674944192253fd83409,0,2025-02-27T05:21:56.696Z,2025-02-27T05:21:56.696Z
67c02d6453289925965ce6f4,Shanks,$2b$10$mB0q7iujR4uXBZyIdhyKcuzPstlmqMWyKb2RQWYVOTJEH0cUCPGoK,shanks@redhair.com,male,67bff674944192253fd83409,0,2025-02-27T05:21:56.696Z,2025-02-27T05:21:56.696Z
67c02d6453289925965ce6f5,Dracule MihawkS,$2b$10$mB0q7iujR4uXBZyIdhyKcuzPstlmqMWyKb2RQWYVOTJEH0cUCPGoK,mihawk@shichibukai.com,female,67bff674944192253fd83409,0,2025-02-27T05:21:56.696Z,2025-03-01T18:00:34.941Z
67c02d6453289925965ce6f6,Edward Newgate,$2b$10$mB0q7iujR4uXBZyIdhyKcuzPstlmqMWyKb2RQWYVOTJEH0cUCPGoK,whitebeard@yonko.com,male,67bff674944192253fd83409,0,2025-02-27T05:21:56.696Z,2025-02-27T05:21:56.696Z
67c02d6453289925965ce6f7,Gol D. Roger,$2b$10$mB0q7iujR4uXBZyIdhyKcuzPstlmqMWyKb2RQWYVOTJEH0cUCPGoK,roger@pirate.com,male,67bff674944192253fd83409,0,2025-02-27T05:21:56.696Z,2025-02-27T05:21:56.696Z
67c02d6453289925965ce6f9,Eustass Kid,$2b$10$mB0q7iujR4uXBZyIdhyKcuzPstlmqMWyKb2RQWYVOTJEH0cUCPGoK,kid@magnet.com,male,67bff674944192253fd83409,0,2025-02-27T05:21:56.696Z,2025-02-27T05:21:56.696Z
67c02d6453289925965ce6fa,Smoker,$2b$10$mB0q7iujR4uXBZyIdhyKcuzPstlmqMWyKb2RQWYVOTJEH0cUCPGoK,smoker@navy.com,male,67bff674944192253fd83409,0,2025-02-27T05:21:56.696Z,2025-02-27T05:21:56.696Z
67c02d6453289925965ce6fb,Akainu,$2b$10$mB0q7iujR4uXBZyIdhyKcuzPstlmqMWyKb2RQWYVOTJEH0cUCPGoK,akainu@marines.com,male,67bff674944192253fd83409,0,2025-02-27T05:21:56.696Z,2025-03-04T10:55:23.680Z
67c02d6453289925965ce6fc,Aokiji,$2b$10$mB0q7iujR4uXBZyIdhyKcuzPstlmqMWyKb2RQWYVOTJEH0cUCPGoK,aokiji@marines.com,male,67bff674944192253fd83409,0,2025-02-27T05:21:56.696Z,2025-02-27T05:21:56.696Z
67c02d6453289925965ce6fd,Kizaru,$2b$10$mB0q7iujR4uXBZyIdhyKcuzPstlmqMWyKb2RQWYVOTJEH0cUCPGoK,kizaru@marines.com,male,67bff674944192253fd83409,0,2025-02-27T05:21:56.696Z,2025-02-27T05:21:56.696Z
67c02d6453289925965ce6fe,Donquixote Doflamingo,$2b$10$mB0q7iujR4uXBZyIdhyKcuzPstlmqMWyKb2RQWYVOTJEH0cUCPGoK,doflamingo@dressrosa.com,male,67bff674944192253fd83409,0,2025-02-27T05:21:56.696Z,2025-02-27T05:21:56.696Z
67c02d6453289925965ce6ff,Charlotte Linlin,$2b$10$mB0q7iujR4uXBZyIdhyKcuzPstlmqMWyKb2RQWYVOTJEH0cUCPGoK,bigmom@wholecake.com,female,67bff674944192253fd83409,0,2025-02-27T05:21:56.696Z,2025-02-27T05:21:56.696Z
67c02d6453289925965ce700,Kaido,$2b$10$mB0q7iujR4uXBZyIdhyKcuzPstlmqMWyKb2RQWYVOTJEH0cUCPGoK,kaido@beast.com,male,67bff674944192253fd83409,0,2025-02-27T05:21:56.696Z,2025-02-27T05:21:56.696Z
67c02d6453289925965ce701,Buggy,$2b$10$mB0q7iujR4uXBZyIdhyKcuzPstlmqMWyKb2RQWYVOTJEH0cUCPGoK,buggy@clown.com,male,67bff674944192253fd83409,0,2025-02-27T05:21:56.696Z,2025-02-27T05:21:56.696Z
67c02d6453289925965ce702,Crocodile,$2b$10$mB0q7iujR4uXBZyIdhyKcuzPstlmqMWyKb2RQWYVOTJEH0cUCPGoK,crocodile@baroque.com,male,67bff674944192253fd83409,0,2025-02-27T05:21:56.696Z,2025-02-27T05:21:56.696Z
67c02d6453289925965ce703,Bartholomew Kuma,$2b$10$mB0q7iujR4uXBZyIdhyKcuzPstlmqMWyKb2RQWYVOTJEH0cUCPGoK,kuma@pacifista.com,male,67bff674944192253fd83409,0,2025-02-27T05:21:56.696Z,2025-02-27T05:21:56.696Z
67c02d6453289925965ce704,Monkey D. Garp,$2b$10$mB0q7iujR4uXBZyIdhyKcuzPstlmqMWyKb2RQWYVOTJEH0cUCPGoK,garp@marines.com,male,67bff674944192253fd83409,0,2025-02-27T05:21:56.696Z,2025-02-27T05:21:56.696Z
67c02d6453289925965ce705,Monkey D. Dragon,$2b$10$mB0q7iujR4uXBZyIdhyKcuzPstlmqMWyKb2RQWYVOTJEH0cUCPGoK,dragon@revolutionary.com,male,67bff674944192253fd83409,0,2025-02-27T05:21:56.696Z,2025-02-27T05:21:56.696Z
67c02d6453289925965ce706,Coby,$2b$10$mB0q7iujR4uXBZyIdhyKcuzPstlmqMWyKb2RQWYVOTJEH0cUCPGoK,coby@marines.com,male,67bff674944192253fd83409,0,2025-02-27T05:21:56.696Z,2025-02-27T05:21:56.696Z
67c02d6453289925965ce707,Helmeppo,$2b$10$mB0q7iujR4uXBZyIdhyKcuzPstlmqMWyKb2RQWYVOTJEH0cUCPGoK,helmeppo@marines.com,male,67bff674944192253fd83409,0,2025-02-27T05:21:56.696Z,2025-02-27T05:21:56.696Z
67c02d6453289925965ce708,Tashigi,$2b$10$mB0q7iujR4uXBZyIdhyKcuzPstlmqMWyKb2RQWYVOTJEH0cUCPGoK,tashigi@marines.com,female,67bff674944192253fd83409,0,2025-02-27T05:21:56.696Z,2025-02-27T05:21:56.696Z
67c02d6453289925965ce709,Perona,$2b$10$mB0q7iujR4uXBZyIdhyKcuzPstlmqMWyKb2RQWYVOTJEH0cUCPGoK,perona@thriller.com,female,67bff674944192253fd83409,0,2025-02-27T05:21:56.696Z,2025-02-27T05:21:56.696Z
67c02d6453289925965ce70a,Jewelry Bonney,$2b$10$mB0q7iujR4uXBZyIdhyKcuzPstlmqMWyKb2RQWYVOTJEH0cUCPGoK,bonney@worst.com,female,67bff674944192253fd83409,0,2025-02-27T05:21:56.696Z,2025-02-27T05:21:56.696Z
67c02d6453289925965ce70b,Basil Hawkins,$2b$10$mB0q7iujR4uXBZyIdhyKcuzPstlmqMWyKb2RQWYVOTJEH0cUCPGoK,hawkins@worst.com,male,67bff674944192253fd83409,0,2025-02-27T05:21:56.696Z,2025-02-27T05:21:56.696Z
67c02d6453289925965ce70c,Scratchmen Apoo,$2b$10$mB0q7iujR4uXBZyIdhyKcuzPstlmqMWyKb2RQWYVOTJEH0cUCPGoK,apoo@worst.com,male,67bff674944192253fd83409,0,2025-02-27T05:21:56.696Z,2025-02-27T05:21:56.696Z
67c02d6453289925965ce70d,X Drake,$2b$10$mB0q7iujR4uXBZyIdhyKcuzPstlmqMWyKb2RQWYVOTJEH0cUCPGoK,drake@worst.com,male,67bff674944192253fd83409,0,2025-02-27T05:21:56.696Z,2025-02-27T05:21:56.696Z
67c02d6453289925965ce70e,Killer,$2b$10$mB0q7iujR4uXBZyIdhyKcuzPstlmqMWyKb2RQWYVOTJEH0cUCPGoK,killer@kid.com,male,67bff674944192253fd83409,0,2025-02-27T05:21:56.696Z,2025-02-27T05:21:56.696Z
67c02d6453289925965ce70f,Bepo,$2b$10$mB0q7iujR4uXBZyIdhyKcuzPstlmqMWyKb2RQWYVOTJEH0cUCPGoK,bepo@heart.com,male,67bff674944192253fd83409,0,2025-02-27T05:21:56.696Z,2025-02-27T05:21:56.696Z
67c02d6453289925965ce710,Marco,$2b$10$mB0q7iujR4uXBZyIdhyKcuzPstlmqMWyKb2RQWYVOTJEH0cUCPGoK,marco@whitebeard.com,male,67bff674944192253fd83409,0,2025-02-27T05:21:56.696Z,2025-02-27T05:21:56.696Z
67c02d6453289925965ce711,Koala,$2b$10$mB0q7iujR4uXBZyIdhyKcuzPstlmqMWyKb2RQWYVOTJEH0cUCPGoK,koala@revolutionary.com,female,67bff674944192253fd83409,0,2025-02-27T05:21:56.696Z,2025-02-27T05:21:56.696Z
67c02d6453289925965ce712,Bartolomeo,$2b$10$mB0q7iujR4uXBZyIdhyKcuzPstlmqMWyKb2RQWYVOTJEH0cUCPGoK,bartolomeo@barto.com,male,67bff674944192253fd83409,0,2025-02-27T05:21:56.696Z,2025-02-27T05:21:56.696Z
67c02d6453289925965ce713,Cavendish,$2b$10$mB0q7iujR4uXBZyIdhyKcuzPstlmqMWyKb2RQWYVOTJEH0cUCPGoK,cavendish@beautiful.com,male,67bff674944192253fd83409,0,2025-02-27T05:21:56.696Z,2025-02-27T05:21:56.696Z
67c02d6453289925965ce714,Rebecca,$2b$10$mB0q7iujR4uXBZyIdhyKcuzPstlmqMWyKb2RQWYVOTJEH0cUCPGoK,rebecca@dressrosa.com,female,67bff674944192253fd83409,0,2025-02-27T05:21:56.696Z,2025-02-27T05:21:56.696Z
67c02d6453289925965ce715,Shirahoshi,$2b$10$mB0q7iujR4uXBZyIdhyKcuzPstlmqMWyKb2RQWYVOTJEH0cUCPGoK,shirahoshi@fishman.com,female,67bff674944192253fd83409,0,2025-02-27T05:21:56.696Z,2025-02-27T05:21:56.696Z
67c02d6453289925965ce716,Vivi,$2b$10$mB0q7iujR4uXBZyIdhyKcuzPstlmqMWyKb2RQWYVOTJEH0cUCPGoK,vivi@alabasta.com,female,67bff674944192253fd83409,0,2025-02-27T05:21:56.696Z,2025-02-27T05:21:56.696Z
67c02d6453289925965ce717,Carrot,$2b$10$mB0q7iujR4uXBZyIdhyKcuzPstlmqMWyKb2RQWYVOTJEH0cUCPGoK,carrot@mink.com,female,67bff674944192253fd83409,0,2025-02-27T05:21:56.696Z,2025-02-27T05:21:56.696Z
67c02d6453289925965ce718,Yamato,$2b$10$mB0q7iujR4uXBZyIdhyKcuzPstlmqMWyKb2RQWYVOTJEH0cUCPGoK,yamato@wano.com,other,67bff674944192253fd83409,0,2025-02-27T05:21:56.696Z,2025-02-27T05:21:56.696Z
67c02d6453289925965ce719,Emporio Ivankov,$2b$10$mB0q7iujR4uXBZyIdhyKcuzPstlmqMWyKb2RQWYVOTJEH0cUCPGoK,ivankov@newkama.com,other,67bff674944192253fd83409,0,2025-02-27T05:21:56.696Z,2025-02-27T05:21:56.696Z
67c02d6453289925965ce71a,Inazuma,$2b$10$mB0q7iujR4uXBZyIdhyKcuzPstlmqMWyKb2RQWYVOTJEH0cUCPGoK,inazuma@revolutionary.com,other,67bff674944192253fd83409,0,2025-02-27T05:21:56.696Z,2025-02-27T05:21:56.696Z
67c02d6453289925965ce71b,O-Kiku,$2b$10$mB0q7iujR4uXBZyIdhyKcuzPstlmqMWyKb2RQWYVOTJEH0cUCPGoK,kiku@wano.com,other,67bff674944192253fd83409,0,2025-02-27T05:21:56.696Z,2025-02-27T05:21:56.696Z
67c02d6453289925965ce71c,Bon Clay,$2b$10$mB0q7iujR4uXBZyIdhyKcuzPstlmqMWyKb2RQWYVOTJEH0cUCPGoK,bentham@newkama.com,other,67bff674944192253fd83409,0,2025-02-27T05:21:56.696Z,2025-02-27T05:21:56.696Z
67c02d6453289925965ce71d,Rayleigh,$2b$10$mB0q7iujR4uXBZyIdhyKcuzPstlmqMWyKb2RQWYVOTJEH0cUCPGoK,rayleigh@roger.com,male,67bff674944192253fd83409,0,2025-02-27T05:21:56.696Z,2025-02-27T05:21:56.696Z
67c02d6453289925965ce71e,Sengoku,$2b$10$mB0q7iujR4uXBZyIdhyKcuzPstlmqMWyKb2RQWYVOTJEH0cUCPGoK,sengoku@marines.com,male,67bff674944192253fd83409,0,2025-02-27T05:21:56.696Z,2025-02-27T05:21:56.696Z
67c02d6453289925965ce71f,Kuzan,$2b$10$mB0q7iujR4uXBZyIdhyKcuzPstlmqMWyKb2RQWYVOTJEH0cUCPGoK,kuzan@ex-marine.com,male,67bff674944192253fd83409,0,2025-02-27T05:21:56.696Z,2025-02-27T05:21:56.696Z
67c02d6453289925965ce720,Rob Lucci,$2b$10$mB0q7iujR4uXBZyIdhyKcuzPstlmqMWyKb2RQWYVOTJEH0cUCPGoK,lucci@cp9.com,male,67bff674944192253fd83409,0,2025-02-27T05:21:56.696Z,2025-02-27T05:21:56.696Z
67c02d6453289925965ce721,Kaku,$2b$10$mB0q7iujR4uXBZyIdhyKcuzPstlmqMWyKb2RQWYVOTJEH0cUCPGoK,kaku@cp9.com,male,67bff674944192253fd83409,0,2025-02-27T05:21:56.696Z,2025-02-27T05:21:56.696Z
67c02d6453289925965ce722,Jabra123,$2b$10$mB0q7iujR4uXBZyIdhyKcuzPstlmqMWyKb2RQWYVOTJEH0cUCPGoK,jabra@cp9.com,male,67bff674944192253fd83409,0,2025-02-27T05:21:56.696Z,2025-03-04T04:34:02.015Z
67c0350117331b6303af9a4a,two,$2b$10$VccDfM2twZHiZ036dxxQDe6cAAYp0ij01ColpH29UG7HKNhHX4hyq,two@two.com,male,67bff674944192253fd83408,0,2025-02-27T09:48:49.833Z,2025-02-27T09:48:49.833Z
67c045add3ac19104efac25d,Deep,$2b$10$7zIbcDa1i/Qjg2pF35xAe.uczMwsSkiKq7GvO0Bs0YKGFfQMHCO7q,deep@gmail.com,male,67bff674944192253fd83407,0,2025-02-27T10:59:57.297Z,2025-02-27T10:59:57.297Z
67c68016b99834eee85a9f2b,ten,$2b$10$FZmoMdZpN4LdD2prBDI3KOruTeiPakT2ZhPvruxXaeQWt60B.hdNW,ten@ten.com,male,67bff674944192253fd83407,0,2025-03-04T04:22:46.457Z,2025-03-04T04:22:46.457Z
67c68228b99834eee85a9fb4,test,$2b$10$SpZTf5BRPDc2mWNTUHRlmO0VnakDW0x1uOBogOwgfQ8p9hFjeZKea,test@example.com,female,67bff674944192253fd83409,0,2025-03-04T04:31:37.117Z,2025-03-04T04:31:52.633Z
67c6a1a68b54ffa8fb77fcaa,Monkey D. Luffy123,$2b$10$BS3W9FaEW5cFCKGnNITzN.F6Rak6SqQkFHgVSAy5jjRYY5p1bXI/W,Sincere@april.biz,male,67bff674944192253fd83409,0,2025-03-04T06:45:58.220Z,2025-03-04T06:45:58.220Z
